,debias_point,debias_var,dim,dim_var,undebias_point,undebias_var,J,Q,K,M,epochs,n_folds,uplift_factor,truth,truth_stderr
0,0.010090803574955351,0.2120577616995529,-0.09433273080071275,1.5980307212889957,-0.0054815207,0.0025317222,500,1000,3,500,500,3,-1.0,-0.015938107613050367,0.012201548481553923
