,debias_point,debias_var,dim,dim_var,undebias_point,undebias_var,J,Q,K,M,epochs,n_folds,uplift_factor,truth,truth_stderr
0,0.0010620715179940714,0.24362010039568785,0.01819449387933114,1.598244111087878,0.008032496,0.002950073,500,1000,3,500,500,3,1.0,0.014331903033804716,0.012406371397428029
