,debias_point,debias_var,dim,dim_var,undebias_point,undebias_var,J,Q,K,M,epochs,n_folds,uplift_factor,truth,truth_stderr
0,0.03695761127609104,0.22021006166610105,0.07062672183614305,1.565072822751285,0.023095367,0.0016971683,500,1000,3,500,500,3,1.0,0.015484520239658406,0.01191843285871578
