,debias_point,debias_var,dim,dim_var,undebias_point,undebias_var,J,Q,K,M,epochs,n_folds,uplift_factor,truth,truth_stderr
0,-0.02760387613796532,0.2221191718973982,-0.10080659712383944,1.5043415140261172,-0.01831919,0.0028963143,500,1000,3,500,500,3,-1.0,-0.015425934700034394,0.011948715329216543
