,debias_point,debias_var,dim,dim_var,undebias_point,undebias_var,J,Q,K,M,epochs,n_folds,uplift_factor,truth,truth_stderr
0,0.027779895275526392,0.22247407417494366,0.215969125511981,1.557416865710956,0.035823755,0.0025621273,500,1000,3,500,500,3,1.0,0.015255533060307136,0.012302054331155119
