,debias_point,debias_var,dim,dim_var,undebias_point,undebias_var,J,Q,K,M,epochs,n_folds,uplift_factor,truth,truth_stderr
0,0.042862062954701935,0.22880969940887244,0.08297524700962833,1.665655023527284,0.033417445,0.0025555093,500,1000,3,500,500,3,1.0,0.018774451352685073,0.012139908019212987
