,debias_point,debias_var,dim,dim_var,undebias_point,undebias_var,J,Q,K,M,epochs,n_folds,uplift_factor,truth,truth_stderr
0,-0.04570597283244032,0.2227067994228729,-0.07555174435685602,1.4949428289488667,-0.029922282,0.0038688288,500,1000,3,500,500,3,-1.0,-0.014816637880415318,0.011865735932152196
