,debias_point,debias_var,dim,dim_var,undebias_point,undebias_var,J,Q,K,M,epochs,n_folds,uplift_factor,truth,truth_stderr
0,-0.020352401736384258,0.21773533311610171,-0.10702606100642409,1.4721957637988996,-0.011223764,0.0025674924,500,1000,3,500,500,3,-1.0,-0.016549025466232825,0.01173001066447592
