,debias_point,debias_var,dim,dim_var,undebias_point,undebias_var,J,Q,K,M,epochs,n_folds,uplift_factor,truth,truth_stderr
0,-0.013571583600634879,0.24916353476358558,0.057473448096111324,1.4835717787474947,-0.01679143,0.0047968742,500,1000,3,500,500,3,-1.0,-0.019065840985894034,0.01191177872685445
