,debias_point,debias_var,dim,dim_var,undebias_point,undebias_var,J,Q,K,M,epochs,n_folds,uplift_factor,truth,truth_stderr
0,0.022906611521630964,0.20748870263068533,0.10996023657889942,1.6622002572919077,0.021675386,0.0028321284,500,1000,3,500,500,3,1.0,0.01565137424235674,0.01248716364897067
