,debias_point,debias_var,dim,dim_var,undebias_point,undebias_var,J,Q,K,M,epochs,n_folds,uplift_factor,truth,truth_stderr
0,-0.008611395267377697,0.2370868997459552,-0.1414268571479237,1.4612280391816443,-0.008210946,0.0026746874,500,1000,3,500,500,3,-1.0,-0.01903778953267743,0.011356922501917796
