,debias_point,debias_var,dim,dim_var,undebias_point,undebias_var,J,Q,K,M,epochs,n_folds,uplift_factor,truth,truth_stderr
0,-0.023765287921902106,0.21197727708913353,0.11923320211788402,1.589801634774218,0.016626349,0.0019316878,500,1000,3,500,500,3,1.0,0.016760104844591006,0.012537141142696046
