,debias_point,debias_var,dim,dim_var,undebias_point,undebias_var,J,Q,K,M,epochs,n_folds,uplift_factor,truth,truth_stderr
0,-0.03008855198901013,0.17238866766977065,-0.17019530145145362,1.3841860469673983,-0.010055103,0.0014701333,500,1000,3,500,500,3,-1.0,-0.015244186043313013,0.011047652693691668
