,debias_point,debias_var,dim,dim_var,undebias_point,undebias_var,J,Q,K,M,epochs,n_folds,uplift_factor,truth,truth_stderr
0,-0.022263745453112837,0.20747425048363147,-0.1138858630974035,1.580433647187202,-0.0056682606,0.0025634838,500,1000,3,500,500,3,-1.0,-0.016869793417701895,0.011965345293747178
