,debias_point,debias_var,dim,dim_var,undebias_point,undebias_var,J,Q,K,M,epochs,n_folds,uplift_factor,truth,truth_stderr
0,-0.04576537369600895,0.2272927840002681,-0.1126600308877595,1.4897577665535213,-0.037819836,0.004202359,500,1000,3,500,500,3,-1.0,-0.015607370755609473,0.011608955619601308
