,debias_point,debias_var,dim,dim_var,undebias_point,undebias_var,J,Q,K,M,epochs,n_folds,uplift_factor,truth,truth_stderr
0,-0.012893666752682753,0.23566820137732944,-0.11216130151130682,1.4503327338308012,-0.013934337,0.0038067058,500,1000,3,500,500,3,-1.0,-0.01900004735562255,0.011608723291325472
