,debias_point,debias_var,dim,dim_var,undebias_point,undebias_var,J,Q,K,M,epochs,n_folds,uplift_factor,truth,truth_stderr
0,0.013396118932087293,0.22240774997661727,-0.02336439321589212,1.5237627660868558,0.00026344726,0.0024883435,500,1000,3,500,500,3,-1.0,-0.01647056554304238,0.011718102830138764
