,debias_point,debias_var,dim,dim_var,undebias_point,undebias_var,J,Q,K,M,epochs,n_folds,uplift_factor,truth,truth_stderr
0,0.02024176566906372,0.1998903681135574,0.11603306287576154,1.6631810544046628,0.0077218344,0.0024030376,500,1000,3,500,500,3,1.0,0.015661998590530857,0.011649036202542895
