,debias_point,debias_var,dim,dim_var,undebias_point,undebias_var,J,Q,K,M,epochs,n_folds,uplift_factor,truth,truth_stderr
0,-0.04405444757366711,0.22677981071348405,-0.17490576729297902,1.454203681711948,-0.011788987,0.0024125313,500,1000,3,500,500,3,-1.0,-0.018323653029870823,0.01182572562721023
