,debias_point,debias_var,dim,dim_var,undebias_point,undebias_var,J,Q,K,M,epochs,n_folds,uplift_factor,truth,truth_stderr
0,-0.0010350000722251288,0.22532687214976668,-0.02493236711085889,1.4867490507308592,-0.013079774,0.0043074624,500,1000,3,500,500,3,-1.0,-0.018538157036073755,0.011759498470310954
