,debias_point,debias_var,dim,dim_var,undebias_point,undebias_var,J,Q,K,M,epochs,n_folds,uplift_factor,truth,truth_stderr
0,0.0030559968087510527,0.2036610814001226,-0.11802488567385261,1.557435949340303,-0.011499186,0.0016496954,500,1000,3,500,500,3,-1.0,-0.018521161304599576,0.01151993070069801
