,debias_point,debias_var,dim,dim_var,undebias_point,undebias_var,J,Q,K,M,epochs,n_folds,uplift_factor,truth,truth_stderr
0,-0.008891922634245077,0.21647148342426195,-0.11994956920430383,1.4860339315797082,-0.017098613,0.0018851901,500,1000,3,500,500,3,-1.0,-0.018147423172791166,0.011801254058485689
