,debias_point,debias_var,dim,dim_var,undebias_point,undebias_var,J,Q,K,M,epochs,n_folds,uplift_factor,truth,truth_stderr
0,-0.012576005653407567,0.20898216687968774,-0.2504412451511392,1.4592705122339265,-0.009369423,0.001999535,500,1000,3,500,500,3,-1.0,-0.016113916368461156,0.011762857804024501
