,debias_point,debias_var,dim,dim_var,undebias_point,undebias_var,J,Q,K,M,epochs,n_folds,uplift_factor,truth,truth_stderr
0,0.004615560913425818,0.21371260333699085,0.11666582913872792,1.6077815495072851,0.0028625724,0.0022885308,500,1000,3,500,500,3,1.0,0.01734369828901494,0.012260278217164123
