,debias_point,debias_var,dim,dim_var,undebias_point,undebias_var,J,Q,K,M,epochs,n_folds,uplift_factor,truth,truth_stderr
0,-0.007994469641741156,0.22191284909619946,-0.12165917685056488,1.479058236521787,-0.014025598,0.0027550173,500,1000,3,500,500,3,-1.0,-0.01827904466243968,0.011640192259817408
