,debias_point,debias_var,dim,dim_var,undebias_point,undebias_var,J,Q,K,M,epochs,n_folds,uplift_factor,truth,truth_stderr
0,0.0071214064147496125,0.22274832148937754,0.20679447998651673,1.6723795188859225,0.009985964,0.0019691002,500,1000,3,500,500,3,1.0,0.017850583637978534,0.012185893418711229
