,debias_point,debias_var,dim,dim_var,undebias_point,undebias_var,J,Q,K,M,epochs,n_folds,uplift_factor,truth,truth_stderr
0,-0.0080642852922865,0.2315230183247794,-0.008970020768851117,1.5153990328805471,-0.0063263047,0.0017747395,500,1000,3,500,500,3,-1.0,-0.019398656625354338,0.011791710365702712
