,debias_point,debias_var,dim,dim_var,undebias_point,undebias_var,J,Q,K,M,epochs,n_folds,uplift_factor,truth,truth_stderr
0,0.023945738605691155,0.20898671067412314,0.04948958770581657,1.6964366934589994,0.027198598,0.0022322296,500,1000,3,500,500,3,1.0,0.018481932044430716,0.012783653300251987
