,debias_point,debias_var,dim,dim_var,undebias_point,undebias_var,J,Q,K,M,epochs,n_folds,uplift_factor,truth,truth_stderr
0,-0.005596842414466716,0.2542226402807828,-0.16689149583893165,1.4411763237910526,-0.024516672,0.0026118727,500,1000,3,500,500,3,-1.0,-0.01652098792751122,0.011911365767373656
