,debias_point,debias_var,dim,dim_var,undebias_point,undebias_var,J,Q,K,M,epochs,n_folds,uplift_factor,truth,truth_stderr
0,0.04636592586806757,0.19482505564200447,0.09270201636455444,1.6299250313419706,0.021299543,0.00426509,500,1000,3,500,500,3,1.0,0.01625358394566989,0.012398646021521123
