,debias_point,debias_var,dim,dim_var,undebias_point,undebias_var,J,Q,K,M,epochs,n_folds,uplift_factor,truth,truth_stderr
0,0.020947281052599177,0.207711179604395,0.05364729128202039,1.5371648095476282,0.010260394,0.0025752515,500,1000,3,500,500,3,1.0,0.016843383887569563,0.011909684048926509
