,debias_point,debias_var,dim,dim_var,undebias_point,undebias_var,J,Q,K,M,epochs,n_folds,uplift_factor,truth,truth_stderr
0,-0.007290381763413761,0.2261884341863822,-0.007286690878255508,1.439485109866895,-0.0014249807,0.0011853467,500,1000,3,500,500,3,-1.0,-0.017002259272232534,0.011720714156530882
