,debias_point,debias_var,dim,dim_var,undebias_point,undebias_var,J,Q,K,M,epochs,n_folds,uplift_factor,truth,truth_stderr
0,0.005973005254751537,0.19242448946312718,0.07595778246314455,1.6404650231997675,0.01968895,0.001824041,500,1000,3,500,500,3,1.0,0.018311144700952076,0.012272817260394723
