,debias_point,debias_var,dim,dim_var,undebias_point,undebias_var,J,Q,K,M,epochs,n_folds,uplift_factor,truth,truth_stderr
0,0.005021691920218593,0.2215537211904761,-0.1295062203814834,1.4089507249180793,0.0017803488,0.002070381,500,1000,3,500,500,3,-1.0,-0.015762337526201875,0.011902899244257945
