,debias_point,debias_var,dim,dim_var,undebias_point,undebias_var,J,Q,K,M,epochs,n_folds,uplift_factor,truth,truth_stderr
0,0.020332176513467123,0.23028941190890886,0.03855927237648382,1.5944735313981933,0.015485827,0.0039673336,500,1000,3,500,500,3,1.0,0.01756144622792366,0.012900274878016059
