,debias_point,debias_var,dim,dim_var,undebias_point,undebias_var,J,Q,K,M,epochs,n_folds,uplift_factor,truth,truth_stderr
0,-0.029790087015711914,0.21584327163038505,-0.11080080321139696,1.4783163414162401,-0.010523831,0.002690662,500,1000,3,500,500,3,-1.0,-0.020239768519029422,0.011919364948269822
