,debias_point,debias_var,dim,dim_var,undebias_point,undebias_var,J,Q,K,M,epochs,n_folds,uplift_factor,truth,truth_stderr
0,0.02688291031678235,0.1911947568737972,0.1253436520537018,1.6175244297229525,0.022531336,0.0021424592,500,1000,3,500,500,3,1.0,0.016536867352079376,0.012203934992193194
