,debias_point,debias_var,dim,dim_var,undebias_point,undebias_var,J,Q,K,M,epochs,n_folds,uplift_factor,truth,truth_stderr
0,-0.0036958513147517975,0.2044741986518417,0.05932675384737496,1.5393411734569071,0.010752667,0.0013924764,500,1000,3,500,500,3,1.0,0.0165073558634784,0.011943431364858583
