,debias_point,debias_var,dim,dim_var,undebias_point,undebias_var,J,Q,K,M,epochs,n_folds,uplift_factor,truth,truth_stderr
0,-0.041592701979780655,0.23364205387640433,-0.13972587131501318,1.480519182226251,-0.036096953,0.003211366,500,1000,3,500,500,3,-1.0,-0.019167448690124544,0.011838796096769856
