,debias_point,debias_var,dim,dim_var,undebias_point,undebias_var,J,Q,K,M,epochs,n_folds,uplift_factor,truth,truth_stderr
0,0.006871623013134359,0.23113972320954934,0.23499155187337972,1.5679154465922243,0.013463586,0.002096142,500,1000,3,500,500,3,1.0,0.017215210652074875,0.01229232432010108
