,debias_point,debias_var,dim,dim_var,undebias_point,undebias_var,J,Q,K,M,epochs,n_folds,uplift_factor,truth,truth_stderr
0,0.005313862039316108,0.2559162114799203,-0.06325168903989398,1.575669086971011,-0.007872284,0.004294383,500,1000,3,500,500,3,-1.0,-0.017084166078585095,0.0121666763023223
