,debias_point,debias_var,dim,dim_var,undebias_point,undebias_var,J,Q,K,M,epochs,n_folds,uplift_factor,truth,truth_stderr
0,0.006096870828913655,0.22888291611008907,0.13415849574296695,1.5590521088979963,0.009565818,0.0028384302,500,1000,3,500,500,3,1.0,0.016369426627236172,0.012004079339951767
