,debias_point,debias_var,dim,dim_var,undebias_point,undebias_var,J,Q,K,M,epochs,n_folds,uplift_factor,truth,truth_stderr
0,-0.03626566124665338,0.23188383532710588,-0.12394187763421716,1.4644957187229641,-0.008140967,0.0034804035,500,1000,3,500,500,3,-1.0,-0.018747688332790946,0.011692926552096933
