,debias_point,debias_var,dim,dim_var,undebias_point,undebias_var,J,Q,K,M,epochs,n_folds,uplift_factor,truth,truth_stderr
0,0.008446744792125834,0.2444701762947177,0.03583099483630836,1.6714846848155047,0.010588466,0.0017670965,500,1000,3,500,500,3,1.0,0.017540444402521893,0.012295817854326995
