,debias_point,debias_var,dim,dim_var,undebias_point,undebias_var,J,Q,K,M,epochs,n_folds,uplift_factor,truth,truth_stderr
0,0.02303666848822103,0.222456154382105,0.12373090006899568,1.5462335799136748,0.0233158,0.0028088654,500,1000,3,500,500,3,1.0,0.017757699914215497,0.011881777658262795
