,debias_point,debias_var,dim,dim_var,undebias_point,undebias_var,J,Q,K,M,epochs,n_folds,uplift_factor,truth,truth_stderr
0,0.026250134238330308,0.22949888764816836,0.10113680168817407,1.571099808203004,0.01845398,0.0020647824,500,1000,3,500,500,3,1.0,0.01810638894001071,0.012933144908884342
