,debias_point,debias_var,dim,dim_var,undebias_point,undebias_var,J,Q,K,M,epochs,n_folds,uplift_factor,truth,truth_stderr
0,-0.023158591480971685,0.1985938278851439,-0.03446819954355074,1.5087823567227834,-0.008228184,0.0024453348,500,1000,3,500,500,3,-1.0,-0.017562215068626874,0.011929460082619345
