,debias_point,debias_var,dim,dim_var,undebias_point,undebias_var,J,Q,K,M,epochs,n_folds,uplift_factor,truth,truth_stderr
0,-0.026755218151930823,0.20841718961664135,-0.14402839584271482,1.534361541851434,-0.012373275,0.002532865,500,1000,3,500,500,3,-1.0,-0.01689502743572502,0.012155638077255358
