,debias_point,debias_var,dim,dim_var,undebias_point,undebias_var,J,Q,K,M,epochs,n_folds,uplift_factor,truth,truth_stderr
0,-0.0037034361464135883,0.24952070381335653,-0.0675621111571188,1.5371364075454483,-0.015358265,0.0025661062,500,1000,3,500,500,3,-1.0,-0.017043095091840654,0.012134774064390475
