,debias_point,debias_var,dim,dim_var,undebias_point,undebias_var,J,Q,K,M,epochs,n_folds,uplift_factor,truth,truth_stderr
0,-0.02251303163079175,0.23708840092400965,-0.2822249063911354,1.475117344748292,-0.018517481,0.0041144085,500,1000,3,500,500,3,-1.0,-0.01487328970872237,0.011752078624919915
