,debias_point,debias_var,dim,dim_var,undebias_point,undebias_var,J,Q,K,M,epochs,n_folds,uplift_factor,truth,truth_stderr
0,0.022092489033728267,0.22976479889667836,-0.10976501344964357,1.4999825438811634,0.021594414,0.002739882,500,1000,3,500,500,3,-1.0,-0.016710992661139845,0.011329273753288
