,debias_point,debias_var,dim,dim_var,undebias_point,undebias_var,J,Q,K,M,epochs,n_folds,uplift_factor,truth,truth_stderr
0,0.006367339592555497,0.21446377703462927,0.1275703996972335,1.6679348271347862,0.020448906,0.003784253,500,1000,3,500,500,3,1.0,0.017661120881848902,0.012142676603636422
