,debias_point,debias_var,dim,dim_var,undebias_point,undebias_var,J,Q,K,M,epochs,n_folds,uplift_factor,truth,truth_stderr
0,0.023390315900248853,0.22355211607261824,0.08005794635847119,1.6118256780241473,0.027220989,0.0017254265,500,1000,3,500,500,3,1.0,0.016153774389176423,0.011887389367358805
