,debias_point,debias_var,dim,dim_var,undebias_point,undebias_var,J,Q,K,M,epochs,n_folds,uplift_factor,truth,truth_stderr
0,0.018520537569546847,0.22373435222050117,0.13712465943464314,1.6374413099952603,0.013398409,0.0022704587,500,1000,3,500,500,3,1.0,0.014288818156027117,0.012198646304522458
