,debias_point,debias_var,dim,dim_var,undebias_point,undebias_var,J,Q,K,M,epochs,n_folds,uplift_factor,truth,truth_stderr
0,0.01421564942598818,0.20127561999139476,0.09000621910128004,1.6183348882766135,0.014491081,0.0036008805,500,1000,3,500,500,3,1.0,0.016976601563868154,0.012133137131720559
