,debias_point,debias_var,dim,dim_var,undebias_point,undebias_var,J,Q,K,M,epochs,n_folds,uplift_factor,truth,truth_stderr
0,0.03836333085984989,0.21265324716361148,0.14305501297888384,1.5566123899984123,0.014889807,0.0022700338,500,1000,3,500,500,3,1.0,0.01583743893502243,0.012254150245285663
