,debias_point,debias_var,dim,dim_var,undebias_point,undebias_var,J,Q,K,M,epochs,n_folds,uplift_factor,truth,truth_stderr
0,-0.005315534188347989,0.21236296602534566,-0.19562490217246487,1.4553627030967806,-0.009713347,0.002173079,500,1000,3,500,500,3,-1.0,-0.017961692720498634,0.01144549340906487
