,debias_point,debias_var,dim,dim_var,undebias_point,undebias_var,J,Q,K,M,epochs,n_folds,uplift_factor,truth,truth_stderr
0,0.00016323370880001048,0.21717935508872446,-0.08632338381199506,1.5630477052654415,0.010587937,0.001635509,500,1000,3,500,500,3,-1.0,-0.018465650686251722,0.012153151842089345
