,debias_point,debias_var,dim,dim_var,undebias_point,undebias_var,J,Q,K,M,epochs,n_folds,uplift_factor,truth,truth_stderr
0,-0.002954898145536416,0.21168049799205305,-0.13172140794363818,1.4489287759444036,-0.020160703,0.0016273353,500,1000,3,500,500,3,-1.0,-0.02003706795919613,0.011354256756726994
