,debias_point,debias_var,dim,dim_var,undebias_point,undebias_var,J,Q,K,M,epochs,n_folds,uplift_factor,truth,truth_stderr
0,0.016151715789571208,0.21160501689499456,0.16681419884926535,1.5803472639093383,0.025053704,0.004651032,500,1000,3,500,500,3,1.0,0.018581967807801192,0.012612150103340472
