,debias_point,debias_var,dim,dim_var,undebias_point,undebias_var,J,Q,K,M,epochs,n_folds,uplift_factor,truth,truth_stderr
0,-0.011019292131258282,0.21942596806797857,-0.10651470111514627,1.3855531065242195,-0.021540591,0.0027264545,500,1000,3,500,500,3,-1.0,-0.017697744087793232,0.011233630154532635
