,debias_point,debias_var,dim,dim_var,undebias_point,undebias_var,J,Q,K,M,epochs,n_folds,uplift_factor,truth,truth_stderr
0,0.031878494103726666,0.22158305959020494,0.11161266368750061,1.578137671099927,0.018433817,0.0022320095,500,1000,3,500,500,3,1.0,0.015346194835247906,0.01227850317282015
