,debias_point,debias_var,dim,dim_var,undebias_point,undebias_var,J,Q,K,M,epochs,n_folds,uplift_factor,truth,truth_stderr
0,0.03722431400023064,0.2189686805214152,0.25021941282810256,1.5967740622836988,0.023821054,0.0029919986,500,1000,3,500,500,3,1.0,0.01591966132705669,0.01236698746296814
