,debias_point,debias_var,dim,dim_var,undebias_point,undebias_var,J,Q,K,M,epochs,n_folds,uplift_factor,truth,truth_stderr
0,0.014397939668562917,0.2454196720360575,-0.1001540718876121,1.5566438810111307,0.0018477611,0.0032116335,500,1000,3,500,500,3,-1.0,-0.016405989209487104,0.01206731811305771
