,debias_point,debias_var,dim,dim_var,undebias_point,undebias_var,J,Q,K,M,epochs,n_folds,uplift_factor,truth,truth_stderr
0,0.009393580092459653,0.2375365359184033,0.06670097262061375,1.527361781112627,0.028288366,0.002705041,500,1000,3,500,500,3,1.0,0.018119537858207746,0.012173011782118144
