,debias_point,debias_var,dim,dim_var,undebias_point,undebias_var,J,Q,K,M,epochs,n_folds,uplift_factor,truth,truth_stderr
0,-0.005733741829067503,0.2390225144278004,-0.13586168608832772,1.5343837561084743,0.0051753325,0.0025419432,500,1000,3,500,500,3,-1.0,-0.017011219062142646,0.011750767879046154
