,debias_point,debias_var,dim,dim_var,undebias_point,undebias_var,J,Q,K,M,epochs,n_folds,uplift_factor,truth,truth_stderr
0,0.004517094461642824,0.2330735173247399,-0.046828493422673145,1.5288971295696776,0.018706916,0.0033386073,500,1000,3,500,500,3,1.0,0.016828982095538514,0.01227409373856058
