,debias_point,debias_var,dim,dim_var,undebias_point,undebias_var,J,Q,K,M,epochs,n_folds,uplift_factor,truth,truth_stderr
0,-0.034826228095719926,0.25404895617306517,-0.1067354884334466,1.5497472400101358,-0.020944288,0.0019330323,500,1000,3,500,500,3,-1.0,-0.018917836659172904,0.011861249464410332
