,debias_point,debias_var,dim,dim_var,undebias_point,undebias_var,J,Q,K,M,epochs,n_folds,uplift_factor,truth,truth_stderr
0,0.0031862031866542566,0.2192110675681269,-0.014309302916992506,1.5394111490868962,-0.0019659428,0.002063331,500,1000,3,500,500,3,-1.0,-0.01883425565787733,0.011762289284046165
