,debias_point,debias_var,dim,dim_var,undebias_point,undebias_var,J,Q,K,M,epochs,n_folds,uplift_factor,truth,truth_stderr
0,-0.002440905447534055,0.21209567111508879,0.2139369227839073,1.573512889090337,0.014007992,0.0026217448,500,1000,3,500,500,3,1.0,0.0167769615691854,0.012363659944483556
