,debias_point,debias_var,dim,dim_var,undebias_point,undebias_var,J,Q,K,M,epochs,n_folds,uplift_factor,truth,truth_stderr
0,-0.033480526595390254,0.24846720776104791,-0.020846558536117388,1.46847516362713,-0.02046557,0.0027047482,500,1000,3,500,500,3,-1.0,-0.017774874186885503,0.011929459756543435
