,debias_point,debias_var,dim,dim_var,undebias_point,undebias_var,J,Q,K,M,epochs,n_folds,uplift_factor,truth,truth_stderr
0,-0.004548800945085136,0.2309029081859075,0.05008044936017375,1.5416421511793614,0.015519123,0.0033358254,500,1000,3,500,500,3,1.0,0.01648209769456488,0.012040062034572266
