,debias_point,debias_var,dim,dim_var,undebias_point,undebias_var,J,Q,K,M,epochs,n_folds,uplift_factor,truth,truth_stderr
0,0.03173106611580943,0.20807871181727935,0.23018079263212643,1.5678822796377043,0.02811791,0.0049381643,500,1000,3,500,500,3,1.0,0.016950458735221385,0.011989940407255595
