,debias_point,debias_var,dim,dim_var,undebias_point,undebias_var,J,Q,K,M,epochs,n_folds,uplift_factor,truth,truth_stderr
0,-0.0019056673468552134,0.21538369662988013,0.05383048793755485,1.6058250594663064,0.0022341867,0.0017567548,500,1000,3,500,500,3,1.0,0.017703264136031627,0.01268686290600541
