,debias_point,debias_var,dim,dim_var,undebias_point,undebias_var,J,Q,K,M,epochs,n_folds,uplift_factor,truth,truth_stderr
0,0.016881966637471702,0.21940612390605815,0.15546794372384104,1.6231618742116314,0.010322824,0.002176301,500,1000,3,500,500,3,1.0,0.014509078320221525,0.012352506377048069
