,debias_point,debias_var,dim,dim_var,undebias_point,undebias_var,J,Q,K,M,epochs,n_folds,uplift_factor,truth,truth_stderr
0,0.009706379514035487,0.20820128246896408,0.12509481956395568,1.6842444528251233,-3.0439813e-05,0.001583178,500,1000,3,500,500,3,1.0,0.017807484796299344,0.012038823490999126
