,debias_point,debias_var,dim,dim_var,undebias_point,undebias_var,J,Q,K,M,epochs,n_folds,uplift_factor,truth,truth_stderr
0,-0.0400073032659398,0.2168060670979791,-0.06434635815213285,1.5342492461328492,-0.015998116,0.0025690792,500,1000,3,500,500,3,-1.0,-0.01801457748467694,0.011870900140537004
