,debias_point,debias_var,dim,dim_var,undebias_point,undebias_var,J,Q,K,M,epochs,n_folds,uplift_factor,truth,truth_stderr
0,-0.005351497112172324,0.20865680037027157,0.1355393634908097,1.6976505656244358,0.016924305,0.00114416,500,1000,3,500,500,3,1.0,0.01794275427397829,0.012119607507258982
