,debias_point,debias_var,dim,dim_var,undebias_point,undebias_var,J,Q,K,M,epochs,n_folds,uplift_factor,truth,truth_stderr
0,0.015284318123793184,0.21084785504333337,0.14566290216556615,1.5051908340277595,0.008577867,0.0021875019,500,1000,3,500,500,3,1.0,0.015670242872478313,0.012037484232632463
