,debias_point,debias_var,dim,dim_var,undebias_point,undebias_var,J,Q,K,M,epochs,n_folds,uplift_factor,truth,truth_stderr
0,0.013366388657840558,0.22469303064526006,0.12546566495261186,1.6493547177184495,0.030003496,0.002894721,500,1000,3,500,500,3,1.0,0.017661104044027764,0.012137235422342074
