,debias_point,debias_var,dim,dim_var,undebias_point,undebias_var,J,Q,K,M,epochs,n_folds,uplift_factor,truth,truth_stderr
0,-0.0026718000834573233,0.23835507091020047,-0.19097923118182641,1.4886087925141973,-0.019163987,0.0021159195,500,1000,3,500,500,3,-1.0,-0.01800252094680377,0.011316763491674202
