,debias_point,debias_var,dim,dim_var,undebias_point,undebias_var,J,Q,K,M,epochs,n_folds,uplift_factor,truth,truth_stderr
0,0.03337666571812533,0.2211540073745296,0.010165113326910391,1.6726475411695443,0.029133618,0.0028552029,500,1000,3,500,500,3,1.0,0.01755597915366114,0.012624354577534644
