,debias_point,debias_var,dim,dim_var,undebias_point,undebias_var,J,Q,K,M,epochs,n_folds,uplift_factor,truth,truth_stderr
0,0.0070059890471736615,0.19443436551074778,0.23803040844202566,1.4931359630507373,0.0032962468,0.0019947896,500,1000,3,500,500,3,1.0,0.015833523168116148,0.012005993355827794
