,debias_point,debias_var,dim,dim_var,undebias_point,undebias_var,J,Q,K,M,epochs,n_folds,uplift_factor,truth,truth_stderr
0,-0.020577783555830103,0.26641262855494446,-0.21008867709639095,1.424124617097079,-0.009870405,0.0022410564,500,1000,3,500,500,3,-1.0,-0.016415564043227637,0.011689870783423479
