,debias_point,debias_var,dim,dim_var,undebias_point,undebias_var,J,Q,K,M,epochs,n_folds,uplift_factor,truth,truth_stderr
0,-0.016262338046989077,0.19063727126156957,-0.09371882956960964,1.637179128439723,0.0043417956,0.0025302798,500,1000,3,500,500,3,1.0,0.018454112147616164,0.012548264884627272
