,debias_point,debias_var,dim,dim_var,undebias_point,undebias_var,J,Q,K,M,epochs,n_folds,uplift_factor,truth,truth_stderr
0,-0.01422496748140753,0.24620606782614188,-0.06480033814199354,1.5293027420405696,-0.017815428,0.0036119493,500,1000,3,500,500,3,-1.0,-0.0184294101433643,0.011983929076761227
