,debias_point,debias_var,dim,dim_var,undebias_point,undebias_var,J,Q,K,M,epochs,n_folds,uplift_factor,truth,truth_stderr
0,-0.02940699681909667,0.22975394807984648,0.015842589312779487,1.4229430255091826,-0.020931818,0.0032619033,500,1000,3,500,500,3,-1.0,-0.018237475333562125,0.011449273744481911
