,debias_point,debias_var,dim,dim_var,undebias_point,undebias_var,J,Q,K,M,epochs,n_folds,uplift_factor,truth,truth_stderr
0,0.026562633232304952,0.21477202376087803,0.06981784304302208,1.6099413256409567,0.014636097,0.0018498268,500,1000,3,500,500,3,1.0,0.01527897248555199,0.012188014361218363
