,debias_point,debias_var,dim,dim_var,undebias_point,undebias_var,J,Q,K,M,epochs,n_folds,uplift_factor,truth,truth_stderr
0,0.016132220938859663,0.2208572966011437,0.23336188698997423,1.47111775498196,0.022449829,0.0037784467,500,1000,3,500,500,3,1.0,0.017143297721784245,0.011750662859852216
