,debias_point,debias_var,dim,dim_var,undebias_point,undebias_var,J,Q,K,M,epochs,n_folds,uplift_factor,truth,truth_stderr
0,-0.015268364605410483,0.21299823702632595,-0.13513961289651177,1.453472057482826,-0.00011261832,0.002666177,500,1000,3,500,500,3,-1.0,-0.01961113774443224,0.011684131025449393
