,debias_point,debias_var,dim,dim_var,undebias_point,undebias_var,J,Q,K,M,epochs,n_folds,uplift_factor,truth,truth_stderr
0,0.004696699976028346,0.2120503701144524,0.1413799272382265,1.659712961961114,-0.0032488967,0.0019389378,500,1000,3,500,500,3,1.0,0.015099586426962519,0.012452653433550814
