,debias_point,debias_var,dim,dim_var,undebias_point,undebias_var,J,Q,K,M,epochs,n_folds,uplift_factor,truth,truth_stderr
0,0.03580732467700252,0.19139433679797427,0.2613040644549568,1.5642441592176193,0.014767659,0.002200759,500,1000,3,500,500,3,1.0,0.019364014554836828,0.011978973985166286
