,debias_point,debias_var,dim,dim_var,undebias_point,undebias_var,J,Q,K,M,epochs,n_folds,uplift_factor,truth,truth_stderr
0,-0.029238717688703068,0.24415147638278434,-0.157166833176702,1.4969651831193587,-0.028858503,0.0025007047,500,1000,3,500,500,3,-1.0,-0.017469906766799048,0.011752959504238651
