,debias_point,debias_var,dim,dim_var,undebias_point,undebias_var,J,Q,K,M,epochs,n_folds,uplift_factor,truth,truth_stderr
0,0.027130421503318097,0.21406309663306847,0.08623152574927506,1.5437578522765094,0.020474095,0.001918727,500,1000,3,500,500,3,1.0,0.015188218063431513,0.012114320049877867
