,debias_point,debias_var,dim,dim_var,undebias_point,undebias_var,J,Q,K,M,epochs,n_folds,uplift_factor,truth,truth_stderr
0,0.0027171363034762266,0.2348136079178834,-0.11335220824592807,1.5083557645712682,0.0077545405,0.0017705038,500,1000,3,500,500,3,-1.0,-0.01860852401531088,0.011945392862562357
