,debias_point,debias_var,dim,dim_var,undebias_point,undebias_var,J,Q,K,M,epochs,n_folds,uplift_factor,truth,truth_stderr
0,-0.02511151904909074,0.2036353677516606,-0.17773377255497008,1.4503549155978408,-0.011700075,0.0024272325,500,1000,3,500,500,3,-1.0,-0.017150917887644446,0.011612196144361774
