,debias_point,debias_var,dim,dim_var,undebias_point,undebias_var,J,Q,K,M,epochs,n_folds,uplift_factor,truth,truth_stderr
0,-0.009294887882119724,0.23945463131548436,-0.23672832071427774,1.4648419389043885,-0.011737687,0.0024704135,500,1000,3,500,500,3,-1.0,-0.01737756870835916,0.011828925925407288
