,debias_point,debias_var,dim,dim_var,undebias_point,undebias_var,J,Q,K,M,epochs,n_folds,uplift_factor,truth,truth_stderr
0,-0.012458811824720426,0.21597176878598048,-0.10711518522286362,1.4613502488956105,-0.020604417,0.0022116255,500,1000,3,500,500,3,-1.0,-0.019058628053027826,0.011885314011025806
