,debias_point,debias_var,dim,dim_var,undebias_point,undebias_var,J,Q,K,M,epochs,n_folds,uplift_factor,truth,truth_stderr
0,0.031006948509803567,0.19421408832051204,0.23264612524664596,1.5130823631164947,0.022157067,0.0021495786,500,1000,3,500,500,3,1.0,0.015394721209830875,0.01204513313035655
