,debias_point,debias_var,dim,dim_var,undebias_point,undebias_var,J,Q,K,M,epochs,n_folds,uplift_factor,truth,truth_stderr
0,-0.008038400493388666,0.22094017807372354,-0.1301262073120808,1.5273774318862043,-0.008113238,0.0029556702,500,1000,3,500,500,3,-1.0,-0.017290200027348934,0.011284951703490089
