,debias_point,debias_var,dim,dim_var,undebias_point,undebias_var,J,Q,K,M,epochs,n_folds,uplift_factor,truth,truth_stderr
0,-0.013100718717419477,0.2346108618688039,-0.1970205926454035,1.5550644245696859,-0.017997557,0.0016419869,500,1000,3,500,500,3,-1.0,-0.017014609571071815,0.011453719323877381
