,debias_point,debias_var,dim,dim_var,undebias_point,undebias_var,J,Q,K,M,epochs,n_folds,uplift_factor,truth,truth_stderr
0,0.006096015124740415,0.2418210559563018,0.1622656260152272,1.6048262898072372,0.0190487,0.0028122438,500,1000,3,500,500,3,1.0,0.01839103570369649,0.012097271167370994
