,debias_point,debias_var,dim,dim_var,undebias_point,undebias_var,J,Q,K,M,epochs,n_folds,uplift_factor,truth,truth_stderr
0,0.02822293456319071,0.19969108222969986,0.20608257686356074,1.604217600060539,0.02879536,0.0031644192,500,1000,3,500,500,3,1.0,0.016606468839372224,0.012338962205111215
