,debias_point,debias_var,dim,dim_var,undebias_point,undebias_var,J,Q,K,M,epochs,n_folds,uplift_factor,truth,truth_stderr
0,0.014850459228466577,0.2313368909674185,0.29612769262045685,1.5142645606273868,0.022366898,0.0040361383,500,1000,3,500,500,3,1.0,0.017030065010011475,0.012479605563281265
