,debias_point,debias_var,dim,dim_var,undebias_point,undebias_var,J,Q,K,M,epochs,n_folds,uplift_factor,truth,truth_stderr
0,0.03556254175401077,0.21190996508281165,0.147227391697262,1.5475936573607891,0.017521588,0.0016999347,500,1000,3,500,500,3,1.0,0.018179421560285403,0.012614616334533812
