,debias_point,debias_var,dim,dim_var,undebias_point,undebias_var,J,Q,K,M,epochs,n_folds,uplift_factor,truth,truth_stderr
0,-0.014421297149740808,0.232583099020924,-0.107121985770256,1.5341213002676963,-0.016967107,0.0017417409,500,1000,3,500,500,3,-1.0,-0.017199121497653458,0.011691429566522592
