,debias_point,debias_var,dim,dim_var,undebias_point,undebias_var,J,Q,K,M,epochs,n_folds,uplift_factor,truth,truth_stderr
0,-0.04546467408845504,0.2247308635800267,0.0006644601046645882,1.4986160170958773,-0.029918164,0.0048424895,500,1000,3,500,500,3,-1.0,-0.021400962795037004,0.011870955673658505
