,debias_point,debias_var,dim,dim_var,undebias_point,undebias_var,J,Q,K,M,epochs,n_folds,uplift_factor,truth,truth_stderr
0,-0.00301970296258281,0.2246444697935653,0.045645302442124724,1.6098041529366185,-0.002385051,0.0013470493,500,1000,3,500,500,3,1.0,0.01776271446040134,0.012397432780295203
