,debias_point,debias_var,dim,dim_var,undebias_point,undebias_var,J,Q,K,M,epochs,n_folds,uplift_factor,truth,truth_stderr
0,-0.019658586438908252,0.22709465413743848,-0.20252064497846978,1.510544458489374,-0.016400015,0.001445975,500,1000,3,500,500,3,-1.0,-0.018359622296986622,0.011658759690087296
