,debias_point,debias_var,dim,dim_var,undebias_point,undebias_var,J,Q,K,M,epochs,n_folds,uplift_factor,truth,truth_stderr
0,0.03688576640775736,0.23729444879166706,0.21467435936197138,1.5570942506696392,0.019087719,0.001629969,500,1000,3,500,500,3,1.0,0.014427184807938032,0.01218711579512904
