,debias_point,debias_var,dim,dim_var,undebias_point,undebias_var,J,Q,K,M,epochs,n_folds,uplift_factor,truth,truth_stderr
0,-8.929123554239522e-05,0.1928181388399457,0.13601448477122574,1.60693644311438,0.005544763,0.0017807485,500,1000,3,500,500,3,1.0,0.014273342156413182,0.011908607983195943
