,debias_point,debias_var,dim,dim_var,undebias_point,undebias_var,J,Q,K,M,epochs,n_folds,uplift_factor,truth,truth_stderr
0,-0.03453723506206218,0.24655672649587887,-0.19335065860449646,1.5495291125188557,-0.034700383,0.0034325663,500,1000,3,500,500,3,-1.0,-0.019133877581148484,0.012167398691689807
