,debias_point,debias_var,dim,dim_var,undebias_point,undebias_var,J,Q,K,M,epochs,n_folds,uplift_factor,truth,truth_stderr
0,-0.03150616022376484,0.22856788657271263,-0.03359262334527646,1.5543571873927569,-0.012430382,0.0032846874,500,1000,3,500,500,3,-1.0,-0.01662908812006747,0.01167916103200282
