,debias_point,debias_var,dim,dim_var,undebias_point,undebias_var,J,Q,K,M,epochs,n_folds,uplift_factor,truth,truth_stderr
0,0.011878804661726602,0.18891872818935174,0.1574128409470899,1.698104900409602,0.009807593,0.0023693077,500,1000,3,500,500,3,1.0,0.01789586610279903,0.012545636505266028
