,debias_point,debias_var,dim,dim_var,undebias_point,undebias_var,J,Q,K,M,epochs,n_folds,uplift_factor,truth,truth_stderr
0,-0.02779051806817369,0.24422289880241496,-0.02695860771363623,1.4646540713522587,-0.01299316,0.0025741914,500,1000,3,500,500,3,-1.0,-0.01786547955742457,0.011728024916370285
