,debias_point,debias_var,dim,dim_var,undebias_point,undebias_var,J,Q,K,M,epochs,n_folds,uplift_factor,truth,truth_stderr
0,-0.022775823448917043,0.2265255207629494,-0.11185136967564324,1.5243278290408246,-0.017948927,0.001871421,500,1000,3,500,500,3,-1.0,-0.019659503763535202,0.01177993762646232
