,debias_point,debias_var,dim,dim_var,undebias_point,undebias_var,J,Q,K,M,epochs,n_folds,uplift_factor,truth,truth_stderr
0,0.03502151080033787,0.230043607986843,0.13294456503830954,1.5672870869551179,0.039815087,0.0042814594,500,1000,3,500,500,3,1.0,0.016571349708742633,0.011991214401284369
