,debias_point,debias_var,dim,dim_var,undebias_point,undebias_var,J,Q,K,M,epochs,n_folds,uplift_factor,truth,truth_stderr
0,0.03999314491100946,0.2228823837403088,0.05187400097978534,1.502095002457536,0.021609759,0.0025822832,500,1000,3,500,500,3,1.0,0.015223329832093069,0.012485979115706314
