,debias_point,debias_var,dim,dim_var,undebias_point,undebias_var,J,Q,K,M,epochs,n_folds,uplift_factor,truth,truth_stderr
0,0.012916657268501627,0.2060146676750574,-0.06994946457832052,1.4463554397961884,0.008317143,0.0019525195,500,1000,3,500,500,3,-1.0,-0.018233001984320873,0.011482837613132802
