,debias_point,debias_var,dim,dim_var,undebias_point,undebias_var,J,Q,K,M,epochs,n_folds,uplift_factor,truth,truth_stderr
0,-0.01434153720550748,0.25248404992711854,-0.21071412875874707,1.5200092974877124,-0.009586706,0.0033748262,500,1000,3,500,500,3,-1.0,-0.02040684771522361,0.011741345618650863
