,debias_point,debias_var,dim,dim_var,undebias_point,undebias_var,J,Q,K,M,epochs,n_folds,uplift_factor,truth,truth_stderr
0,-0.01988507755054286,0.24049109247573952,-0.11146909955652068,1.6342105942444967,-0.01395313,0.0019452564,500,1000,3,500,500,3,-1.0,-0.019352364119734622,0.01194039554820629
