,debias_point,debias_var,dim,dim_var,undebias_point,undebias_var,J,Q,K,M,epochs,n_folds,uplift_factor,truth,truth_stderr
0,0.012078294101101235,0.24122182273119575,0.025041027849218134,1.6595063507305345,0.020785205,0.0020525258,500,1000,3,500,500,3,1.0,0.018334641878414493,0.012392822184687999
