,debias_point,debias_var,dim,dim_var,undebias_point,undebias_var,J,Q,K,M,epochs,n_folds,uplift_factor,truth,truth_stderr
0,-0.017297091756975715,0.22063496750790054,-0.228863421448872,1.5092105797056379,0.000113557246,0.0017422885,500,1000,3,500,500,3,-1.0,-0.016921095110299156,0.012080559768222027
