,debias_point,debias_var,dim,dim_var,undebias_point,undebias_var,J,Q,K,M,epochs,n_folds,uplift_factor,truth,truth_stderr
0,0.01716240737571468,0.22671418703620727,0.048448294477013154,1.6404425007765764,0.021181464,0.0025633879,500,1000,3,500,500,3,1.0,0.01781206958830195,0.012421400068184516
