,debias_point,debias_var,dim,dim_var,undebias_point,undebias_var,J,Q,K,M,epochs,n_folds,uplift_factor,truth,truth_stderr
0,0.0166411109094497,0.21319286890538738,-0.004255412118425506,1.5438230354202127,0.01676264,0.0022404685,500,1000,3,500,500,3,1.0,0.01738832543055091,0.012160906724895075
