,debias_point,debias_var,dim,dim_var,undebias_point,undebias_var,J,Q,K,M,epochs,n_folds,uplift_factor,truth,truth_stderr
0,-0.014272259734995088,0.23143094268423167,-0.07906302475532861,1.5082957802998416,-0.015267749,0.0018721834,500,1000,3,500,500,3,-1.0,-0.01626883770532095,0.012162374411472282
