,debias_point,debias_var,dim,dim_var,undebias_point,undebias_var,J,Q,K,M,epochs,n_folds,uplift_factor,truth,truth_stderr
0,-0.01745116957499837,0.2098339002346515,-0.06811678623648165,1.5046161763481354,-0.013880961,0.0018287556,500,1000,3,500,500,3,-1.0,-0.020932368579338667,0.01155231091465748
