,debias_point,debias_var,dim,dim_var,undebias_point,undebias_var,J,Q,K,M,epochs,n_folds,uplift_factor,truth,truth_stderr
0,-0.0002091435297930655,0.22727166490971615,-0.06866896923900045,1.5527352604565632,0.004724556,0.003370963,500,1000,3,500,500,3,-1.0,-0.015525869377469248,0.01201654033842284
