,debias_point,debias_var,dim,dim_var,undebias_point,undebias_var,J,Q,K,M,epochs,n_folds,uplift_factor,truth,truth_stderr
0,0.0427263697990734,0.20505218206443154,0.004889177394319155,1.6741946581725415,0.039284907,0.0048666545,500,1000,3,500,500,3,1.0,0.020105076601118155,0.012850176118916319
