,debias_point,debias_var,dim,dim_var,undebias_point,undebias_var,J,Q,K,M,epochs,n_folds,uplift_factor,truth,truth_stderr
0,0.009180536485519116,0.2099618501219155,0.2184707797997445,1.5409518084362586,0.015225344,0.004068101,500,1000,3,500,500,3,1.0,0.01703046632273897,0.012415766766788988
