,debias_point,debias_var,dim,dim_var,undebias_point,undebias_var,J,Q,K,M,epochs,n_folds,uplift_factor,truth,truth_stderr
0,0.000418193872809277,0.23952841224085297,0.11707870193034264,1.5531175351700535,0.008555944,0.002847189,500,1000,3,500,500,3,1.0,0.013399417752536835,0.01205087188757349
