,debias_point,debias_var,dim,dim_var,undebias_point,undebias_var,J,Q,K,M,epochs,n_folds,uplift_factor,truth,truth_stderr
0,0.024262706560377597,0.23763731253695378,0.08472444748408237,1.5774366809350673,0.032012474,0.0026214903,500,1000,3,500,500,3,1.0,0.016281447907461777,0.012039627594125357
