,debias_point,debias_var,dim,dim_var,undebias_point,undebias_var,J,Q,K,M,epochs,n_folds,uplift_factor,truth,truth_stderr
0,-0.01567734707292528,0.22546851136691837,-0.15357963194446633,1.4282342588836683,-0.015220921,0.0018919857,500,1000,3,500,500,3,-1.0,-0.017857041708669086,0.011512266157675883
