,debias_point,debias_var,dim,dim_var,undebias_point,undebias_var,J,Q,K,M,epochs,n_folds,uplift_factor,truth,truth_stderr
0,-0.01871654015710193,0.2603763875737959,-0.26630028764466845,1.4887753120244716,0.00030056707,0.001512223,500,1000,3,500,500,3,-1.0,-0.018692804941554342,0.012115188461690624
