,debias_point,debias_var,dim,dim_var,undebias_point,undebias_var,J,Q,K,M,epochs,n_folds,uplift_factor,truth,truth_stderr
0,-0.013341339463008932,0.1872680596785488,-0.1629033645639822,1.5064788827673843,-0.009256075,0.0010881227,500,1000,3,500,500,3,-1.0,-0.016054656746349427,0.011953474364120482
