,debias_point,debias_var,dim,dim_var,undebias_point,undebias_var,J,Q,K,M,epochs,n_folds,uplift_factor,truth,truth_stderr
0,0.02736962773424576,0.21657826551274706,0.12578623099154967,1.6039327556953376,0.020221205,0.0028613468,500,1000,3,500,500,3,1.0,0.017144789076822486,0.012030552876168405
