,debias_point,debias_var,dim,dim_var,undebias_point,undebias_var,J,Q,K,M,epochs,n_folds,uplift_factor,truth,truth_stderr
0,0.019945391971642867,0.22053329885569758,0.12234487064752314,1.5423215676943098,0.031576782,0.0031724472,500,1000,3,500,500,3,1.0,0.017006706385165438,0.012380456272697557
