,debias_point,debias_var,dim,dim_var,undebias_point,undebias_var,J,Q,K,M,epochs,n_folds,uplift_factor,truth,truth_stderr
0,-0.021759143438579185,0.2199574524545075,-0.0902069466143976,1.4659257108212236,-0.02239461,0.0025380135,500,1000,3,500,500,3,-1.0,-0.01815516306037246,0.011970843855489417
