,debias_point,debias_var,dim,dim_var,undebias_point,undebias_var,J,Q,K,M,epochs,n_folds,uplift_factor,truth,truth_stderr
0,0.026987060094872284,0.25297444571857247,0.10305495374953255,1.5435473598239724,0.024855958,0.0025177337,500,1000,3,500,500,3,1.0,0.017310641759479273,0.012860140820094528
