,debias_point,debias_var,dim,dim_var,undebias_point,undebias_var,J,Q,K,M,epochs,n_folds,uplift_factor,truth,truth_stderr
0,0.0015208282865709598,0.22027027236127772,0.13646272714097818,1.5732240903733272,0.018377569,0.0017189514,500,1000,3,500,500,3,1.0,0.015621428391655257,0.012170648417982561
