,debias_point,debias_var,dim,dim_var,undebias_point,undebias_var,J,Q,K,M,epochs,n_folds,uplift_factor,truth,truth_stderr
0,0.020769247445177157,0.20923005109589723,0.13789331745743894,1.5182718958678862,0.020241847,0.0026704008,500,1000,3,500,500,3,1.0,0.01736001194444481,0.011963742631445194
