,debias_point,debias_var,dim,dim_var,undebias_point,undebias_var,J,Q,K,M,epochs,n_folds,uplift_factor,truth,truth_stderr
0,0.016589393437243468,0.21851530546534703,0.15187373792165404,1.5942104532007075,0.007906195,0.0018271971,500,1000,3,500,500,3,1.0,0.01591410642221014,0.012431917254473165
