,debias_point,debias_var,dim,dim_var,undebias_point,undebias_var,J,Q,K,M,epochs,n_folds,uplift_factor,truth,truth_stderr
0,-0.004882843342900275,0.21963546859143213,-0.0146224896674777,1.6143511770445675,0.004320827,0.001915662,500,1000,3,500,500,3,1.0,0.01583897810145385,0.012246105284179935
