,debias_point,debias_var,dim,dim_var,undebias_point,undebias_var,J,Q,K,M,epochs,n_folds,uplift_factor,truth,truth_stderr
0,-0.030828219600238942,0.22998506509190997,-0.07762470937657823,1.5441268465671343,-0.038587816,0.0051026656,500,1000,3,500,500,3,-1.0,-0.017290985934951597,0.01178709620519128
