,debias_point,debias_var,dim,dim_var,undebias_point,undebias_var,J,Q,K,M,epochs,n_folds,uplift_factor,truth,truth_stderr
0,0.016282648848124467,0.20456176397593964,-0.24967894883722636,1.3940570086581991,0.0027053058,0.0024498694,500,1000,3,500,500,3,-1.0,-0.01870175864788215,0.011706137747448428
