,debias_point,debias_var,dim,dim_var,undebias_point,undebias_var,J,Q,K,M,epochs,n_folds,uplift_factor,truth,truth_stderr
0,-0.03990586470841798,0.2275441423963563,-0.21543005526470266,1.6217539435473771,-0.03161156,0.0035162314,500,1000,3,500,500,3,-1.0,-0.01906479964821506,0.011949178084376937
