,debias_point,debias_var,dim,dim_var,undebias_point,undebias_var,J,Q,K,M,epochs,n_folds,uplift_factor,truth,truth_stderr
0,0.0018441436995685623,0.2059025074344977,0.049593424056390445,1.6472102830889153,0.01117682,0.0023266373,500,1000,3,500,500,3,1.0,0.01758768455896975,0.012271876607451429
