,debias_point,debias_var,dim,dim_var,undebias_point,undebias_var,J,Q,K,M,epochs,n_folds,uplift_factor,truth,truth_stderr
0,0.005574707753044242,0.25814260277288553,-0.08944582345912894,1.5289724625949574,-0.009505489,0.0026795184,500,1000,3,500,500,3,-1.0,-0.018934414152961154,0.011977462601115669
