,debias_point,debias_var,dim,dim_var,undebias_point,undebias_var,J,Q,K,M,epochs,n_folds,uplift_factor,truth,truth_stderr
0,-0.011257174502136766,0.22646784251725274,-0.008406663954637739,1.492196326498775,-0.017297775,0.0027149778,500,1000,3,500,500,3,-1.0,-0.015975320306480745,0.011945745645608564
