,debias_point,debias_var,dim,dim_var,undebias_point,undebias_var,J,Q,K,M,epochs,n_folds,uplift_factor,truth,truth_stderr
0,0.017089732110330307,0.218907714506414,0.1888952138597143,1.5824264637228678,0.007783497,0.0022824241,500,1000,3,500,500,3,1.0,0.017888934394513556,0.012150474265842776
