,debias_point,debias_var,dim,dim_var,undebias_point,undebias_var,J,Q,K,M,epochs,n_folds,uplift_factor,truth,truth_stderr
0,0.016404094655172036,0.21981999121575316,0.1410090961159371,1.6368591872817495,0.024963394,0.0021063455,500,1000,3,500,500,3,1.0,0.020766038019457533,0.0126850767803291
