,debias_point,debias_var,dim,dim_var,undebias_point,undebias_var,J,Q,K,M,epochs,n_folds,uplift_factor,truth,truth_stderr
0,0.02295601684467968,0.19810528935676638,0.08533547214925119,1.660426192240184,0.014241103,0.0029922815,500,1000,3,500,500,3,1.0,0.016812131579262868,0.012381008952088983
