,debias_point,debias_var,dim,dim_var,undebias_point,undebias_var,J,Q,K,M,epochs,n_folds,uplift_factor,truth,truth_stderr
0,-0.019752662568515152,0.2228554284980971,-0.08624324366038738,1.546172123674149,-0.010612461,0.0027879318,500,1000,3,500,500,3,-1.0,-0.018148556850913766,0.012097734400271974
