,debias_point,debias_var,dim,dim_var,undebias_point,undebias_var,J,Q,K,M,epochs,n_folds,uplift_factor,truth,truth_stderr
0,-0.026581378241634118,0.2301765639804615,0.0034841719766005586,1.5698670011139515,-0.01844432,0.0025811142,500,1000,3,500,500,3,-1.0,-0.015102294721090703,0.011806079596619699
