,debias_point,debias_var,dim,dim_var,undebias_point,undebias_var,J,Q,K,M,epochs,n_folds,uplift_factor,truth,truth_stderr
0,-0.007154419853781219,0.24413160146847337,0.025303528087606275,1.5119225447354305,0.0032352253,0.0034543348,500,1000,3,500,500,3,-1.0,-0.018114157302928424,0.01219052774222251
