,debias_point,debias_var,dim,dim_var,undebias_point,undebias_var,J,Q,K,M,epochs,n_folds,uplift_factor,truth,truth_stderr
0,0.0024992440221056978,0.23479415568995476,0.04435203410225086,1.6290345826144277,0.018273186,0.0026445717,500,1000,3,500,500,3,1.0,0.017152599346332953,0.0121634827694547
