,debias_point,debias_var,dim,dim_var,undebias_point,undebias_var,J,Q,K,M,epochs,n_folds,uplift_factor,truth,truth_stderr
0,0.014310574144023057,0.2175558843343871,0.07258465173190276,1.5609303934807712,0.015513834,0.0037964678,500,1000,3,500,500,3,1.0,0.01715108200871107,0.011753483093012884
