,debias_point,debias_var,dim,dim_var,undebias_point,undebias_var,J,Q,K,M,epochs,n_folds,uplift_factor,truth,truth_stderr
0,-0.016564593660823617,0.21157224400842753,-0.184800446605499,1.4692819100684702,-0.0057922364,0.0032112235,500,1000,3,500,500,3,-1.0,-0.016504573930078648,0.012143828134433807
