,debias_point,debias_var,dim,dim_var,undebias_point,undebias_var,J,Q,K,M,epochs,n_folds,uplift_factor,truth,truth_stderr
0,0.02698175085966446,0.2261921558632779,0.10591394940732823,1.5262955915358942,0.019378982,0.0025572618,500,1000,3,500,500,3,1.0,0.016919932419169004,0.011961446352321548
