,debias_point,debias_var,dim,dim_var,undebias_point,undebias_var,J,Q,K,M,epochs,n_folds,uplift_factor,truth,truth_stderr
0,0.018256129958877237,0.229047737032967,0.16899489707098697,1.6092947610218897,0.02109727,0.0021507703,500,1000,3,500,500,3,1.0,0.01654526559128655,0.012058743742003376
