,debias_point,debias_var,dim,dim_var,undebias_point,undebias_var,J,Q,K,M,epochs,n_folds,uplift_factor,truth,truth_stderr
0,0.025381901411465776,0.22693218534377757,0.10304138711702177,1.615629818760275,0.014176875,0.0023652585,500,1000,3,500,500,3,1.0,0.01687118305518165,0.012612151724269355
