,debias_point,debias_var,dim,dim_var,undebias_point,undebias_var,J,Q,K,M,epochs,n_folds,uplift_factor,truth,truth_stderr
0,-0.009211095012926688,0.2279996485319854,-0.16381419633634842,1.4799534694721121,-0.005253754,0.0030235325,500,1000,3,500,500,3,-1.0,-0.019309147958242234,0.011768799583587026
