,debias_point,debias_var,dim,dim_var,undebias_point,undebias_var,J,Q,K,M,epochs,n_folds,uplift_factor,truth,truth_stderr
0,-0.023375289979702497,0.23432213633788046,-0.2107449685176151,1.4582911037875503,-0.02274979,0.0030100606,500,1000,3,500,500,3,-1.0,-0.02089577090350503,0.011725382580976725
