,debias_point,debias_var,dim,dim_var,undebias_point,undebias_var,J,Q,K,M,epochs,n_folds,uplift_factor,truth,truth_stderr
0,-0.022736091910937926,0.23160707336071018,-0.1312704458369408,1.5164303168730209,-0.029939162,0.002992877,500,1000,3,500,500,3,-1.0,-0.016872070097228686,0.01190038589492097
