,debias_point,debias_var,dim,dim_var,undebias_point,undebias_var,J,Q,K,M,epochs,n_folds,uplift_factor,truth,truth_stderr
0,-0.0007888406639970248,0.25105088575923645,-0.10556010462227122,1.534397872315416,-0.011092509,0.00281479,500,1000,3,500,500,3,-1.0,-0.01461680289832179,0.01163031733025865
