,debias_point,debias_var,dim,dim_var,undebias_point,undebias_var,J,Q,K,M,epochs,n_folds,uplift_factor,truth,truth_stderr
0,0.008269494955472233,0.2092559452160785,-0.15737016985470897,1.4527893309814603,-0.006486246,0.0012203207,500,1000,3,500,500,3,-1.0,-0.01796016130284417,0.011672240511191083
