,debias_point,debias_var,dim,dim_var,undebias_point,undebias_var,J,Q,K,M,epochs,n_folds,uplift_factor,truth,truth_stderr
0,0.0020053905543805646,0.23540288998829742,0.10187233010920843,1.5912358658810422,0.015324168,0.002303826,500,1000,3,500,500,3,1.0,0.015686597093552357,0.01218036782164815
