,debias_point,debias_var,dim,dim_var,undebias_point,undebias_var,J,Q,K,M,epochs,n_folds,uplift_factor,truth,truth_stderr
0,-0.0008028978897912537,0.22900138497291211,0.108193955238853,1.660886700789389,0.0033004836,0.0018194262,500,1000,3,500,500,3,1.0,0.01580762564158822,0.012243337478717909
