,debias_point,debias_var,dim,dim_var,undebias_point,undebias_var,J,Q,K,M,epochs,n_folds,uplift_factor,truth,truth_stderr
0,6.93291140528721e-05,0.2092536232102528,0.15684778743540517,1.5918298184107742,-0.0023175941,0.0032314502,500,1000,3,500,500,3,1.0,0.018965770812411353,0.012536694171676249
