,debias_point,debias_var,dim,dim_var,undebias_point,undebias_var,J,Q,K,M,epochs,n_folds,uplift_factor,truth,truth_stderr
0,-0.015873530572139385,0.24481802484537718,-0.14549476342297885,1.511286661001418,-0.029461741,0.0031601607,500,1000,3,500,500,3,-1.0,-0.01854467064499965,0.01192227641031263
