,debias_point,debias_var,dim,dim_var,undebias_point,undebias_var,J,Q,K,M,epochs,n_folds,uplift_factor,truth,truth_stderr
0,0.01575239074545755,0.2591454199677326,0.21031342747469417,1.529945956541338,0.01225631,0.0014950233,500,1000,3,500,500,3,1.0,0.017203640911055862,0.012056518398275323
