,debias_point,debias_var,dim,dim_var,undebias_point,undebias_var,J,Q,K,M,epochs,n_folds,uplift_factor,truth,truth_stderr
0,0.010080270911137534,0.20260203393404994,-0.12186975636073849,1.410058527173537,0.009067081,0.003845647,500,1000,3,500,500,3,-1.0,-0.016483269661948463,0.011627487576815667
