,debias_point,debias_var,dim,dim_var,undebias_point,undebias_var,J,Q,K,M,epochs,n_folds,uplift_factor,truth,truth_stderr
0,0.03473007492703361,0.20247254860428807,-0.05621473063750393,1.5867734847566073,0.028363666,0.0020967603,500,1000,3,500,500,3,1.0,0.017043982114754996,0.011843240316551793
