,debias_point,debias_var,dim,dim_var,undebias_point,undebias_var,J,Q,K,M,epochs,n_folds,uplift_factor,truth,truth_stderr
0,-0.008579088358501475,0.21589247726821692,-0.010264178047131534,1.499372614461365,-0.003673398,0.0024479826,500,1000,3,500,500,3,-1.0,-0.01331460353780689,0.011934912020889024
