,debias_point,debias_var,dim,dim_var,undebias_point,undebias_var,J,Q,K,M,epochs,n_folds,uplift_factor,truth,truth_stderr
0,-0.0096486670966245,0.2291361443249724,-0.13936224007409603,1.6523247704554251,-0.007963183,0.0031496768,500,1000,3,500,500,3,-1.0,-0.01817635477837054,0.011962667738072592
