,debias_point,debias_var,dim,dim_var,undebias_point,undebias_var,J,Q,K,M,epochs,n_folds,uplift_factor,truth,truth_stderr
0,0.0014279126685959492,0.21812632092945652,-0.08976544743025039,1.4587722560282004,-0.004547287,0.0020346746,500,1000,3,500,500,3,-1.0,-0.018262218558642962,0.011687231245597025
