,debias_point,debias_var,dim,dim_var,undebias_point,undebias_var,J,Q,K,M,epochs,n_folds,uplift_factor,truth,truth_stderr
0,-0.04620817828097932,0.2258228072926317,-0.14222886085938685,1.6486260989991073,-0.031716567,0.0024083878,500,1000,3,500,500,3,-1.0,-0.015542947659696993,0.012554072830370687
