,debias_point,debias_var,dim,dim_var,undebias_point,undebias_var,J,Q,K,M,epochs,n_folds,uplift_factor,truth,truth_stderr
0,0.027373771129912492,0.21267334742692143,0.25725473489737155,1.5541171510205964,0.009264813,0.0019303433,500,1000,3,500,500,3,1.0,0.017867162760644262,0.012233573251628762
