,debias_point,debias_var,dim,dim_var,undebias_point,undebias_var,J,Q,K,M,epochs,n_folds,uplift_factor,truth,truth_stderr
0,0.019450718587909185,0.1993888726278943,0.24314208865614056,1.5241567837647774,0.010244571,0.0023438951,500,1000,3,500,500,3,1.0,0.015815667646577825,0.012345992068435733
