,debias_point,debias_var,dim,dim_var,undebias_point,undebias_var,J,Q,K,M,epochs,n_folds,uplift_factor,truth,truth_stderr
0,0.03509910041255281,0.2207503440378682,0.1807559860640257,1.7246088489273663,0.033187672,0.0036177312,500,1000,3,500,500,3,1.0,0.019409524062722006,0.012277298053656295
