,debias_point,debias_var,dim,dim_var,undebias_point,undebias_var,J,Q,K,M,epochs,n_folds,uplift_factor,truth,truth_stderr
0,-0.022960326820664168,0.23005592804802788,-0.19530958513827257,1.512437205070909,-0.032468338,0.003985234,500,1000,3,500,500,3,-1.0,-0.018374029777116996,0.011887143909279306
