,debias_point,debias_var,dim,dim_var,undebias_point,undebias_var,J,Q,K,M,epochs,n_folds,uplift_factor,truth,truth_stderr
0,0.02296039308952671,0.2207767181119704,0.13411230614603775,1.60287615079501,0.021725899,0.0024827,500,1000,3,500,500,3,1.0,0.015374795401769004,0.012174279256011642
