,debias_point,debias_var,dim,dim_var,undebias_point,undebias_var,J,Q,K,M,epochs,n_folds,uplift_factor,truth,truth_stderr
0,-0.01153337161154231,0.23922986367819124,-0.1584294473902274,1.5250318567976715,-0.01377816,0.0015637322,500,1000,3,500,500,3,-1.0,-0.019470146198723337,0.011862380229936435
