,debias_point,debias_var,dim,dim_var,undebias_point,undebias_var,J,Q,K,M,epochs,n_folds,uplift_factor,truth,truth_stderr
0,-0.029871659334918286,0.20741516088380288,-0.07229822683859771,1.5350489688742415,-0.022294002,0.0036328677,500,1000,3,500,500,3,-1.0,-0.016827586996915,0.011605079194354467
