,debias_point,debias_var,dim,dim_var,undebias_point,undebias_var,J,Q,K,M,epochs,n_folds,uplift_factor,truth,truth_stderr
0,0.009184472235207049,0.23086768280465977,0.013570714264737882,1.5544189316124302,0.0061802207,0.0018315017,500,1000,3,500,500,3,1.0,0.01624147898483319,0.011974470686328821
