,debias_point,debias_var,dim,dim_var,undebias_point,undebias_var,J,Q,K,M,epochs,n_folds,uplift_factor,truth,truth_stderr
0,0.026158791960268435,0.2219617472606644,0.04467347043167269,1.5697934904760265,0.011781186,0.0013799956,500,1000,3,500,500,3,1.0,0.01600474182640854,0.011792326348306223
