,debias_point,debias_var,dim,dim_var,undebias_point,undebias_var,J,Q,K,M,epochs,n_folds,uplift_factor,truth,truth_stderr
0,-0.008394707946446802,0.22259214897832227,-0.09824688426198591,1.3513989877659578,-0.008455669,0.004223215,500,1000,3,500,500,3,-1.0,-0.017005011003915993,0.01180198062855132
