,debias_point,debias_var,dim,dim_var,undebias_point,undebias_var,J,Q,K,M,epochs,n_folds,uplift_factor,truth,truth_stderr
0,0.043673466649765985,0.24240591657459107,0.10793360008161018,1.5298493872108674,0.029998468,0.0038364865,500,1000,3,500,500,3,1.0,0.017565192830221732,0.01217037436941729
