,debias_point,debias_var,dim,dim_var,undebias_point,undebias_var,J,Q,K,M,epochs,n_folds,uplift_factor,truth,truth_stderr
0,0.011307816547759772,0.2285286274758346,0.06808001115392742,1.5053236217194308,0.019204753,0.001694783,500,1000,3,500,500,3,1.0,0.01443994677281446,0.011876334200612527
