,debias_point,debias_var,dim,dim_var,undebias_point,undebias_var,J,Q,K,M,epochs,n_folds,uplift_factor,truth,truth_stderr
0,-0.03747734856739399,0.2061237487760741,-0.0667784636051858,1.5158788036064847,-0.023133555,0.0020959012,500,1000,3,500,500,3,-1.0,-0.0172308317576505,0.01177140360965561
