,debias_point,debias_var,dim,dim_var,undebias_point,undebias_var,J,Q,K,M,epochs,n_folds,uplift_factor,truth,truth_stderr
0,-0.012366803197755835,0.23926728351199703,-0.12459248195080652,1.5477284647152907,-0.016610362,0.0019391458,500,1000,3,500,500,3,-1.0,-0.017911501044884592,0.011972509484134374
