,debias_point,debias_var,dim,dim_var,undebias_point,undebias_var,J,Q,K,M,epochs,n_folds,uplift_factor,truth,truth_stderr
0,0.013530900884196525,0.21296316819376473,0.06741381032889349,1.718270492639701,0.015222485,0.0018053629,500,1000,3,500,500,3,1.0,0.018264317519054774,0.012391883725543415
