,debias_point,debias_var,dim,dim_var,undebias_point,undebias_var,J,Q,K,M,epochs,n_folds,uplift_factor,truth,truth_stderr
0,0.004665151126058339,0.23858115070622732,-0.056736368759237765,1.448758870230747,-0.00868467,0.0015234313,500,1000,3,500,500,3,-1.0,-0.01820187013890051,0.011856773111492786
