,debias_point,debias_var,dim,dim_var,undebias_point,undebias_var,J,Q,K,M,epochs,n_folds,uplift_factor,truth,truth_stderr
0,0.024736901810706577,0.19913639652367407,0.07712290494778284,1.6284843538207552,0.013274171,0.0030787922,500,1000,3,500,500,3,1.0,0.017356641726236965,0.012474033084627965
