,debias_point,debias_var,dim,dim_var,undebias_point,undebias_var,J,Q,K,M,epochs,n_folds,uplift_factor,truth,truth_stderr
0,-0.01718028057221555,0.22539965458725453,-0.1559109037796496,1.6229921908856686,-0.0030464123,0.0033860535,500,1000,3,500,500,3,-1.0,-0.020400331071182776,0.011705414723551442
