,debias_point,debias_var,dim,dim_var,undebias_point,undebias_var,J,Q,K,M,epochs,n_folds,uplift_factor,truth,truth_stderr
0,-0.03761829204892397,0.20612072648333504,-0.16686056863232757,1.47525410380309,-0.031699177,0.0019357692,500,1000,3,500,500,3,-1.0,-0.017196347577035365,0.012064868560902635
