,debias_point,debias_var,dim,dim_var,undebias_point,undebias_var,J,Q,K,M,epochs,n_folds,uplift_factor,truth,truth_stderr
0,0.03811089545899482,0.230301965190295,0.07713666020769949,1.65181345719006,0.028749922,0.0018008944,500,1000,3,500,500,3,1.0,0.017298089234911496,0.012514565369928793
