,debias_point,debias_var,dim,dim_var,undebias_point,undebias_var,J,Q,K,M,epochs,n_folds,uplift_factor,truth,truth_stderr
0,-0.00869759633920249,0.21273580271964299,0.1697173832620828,1.5982297413547486,0.0016192232,0.0013110781,500,1000,3,500,500,3,1.0,0.016881350249613014,0.012296406548351888
