,debias_point,debias_var,dim,dim_var,undebias_point,undebias_var,J,Q,K,M,epochs,n_folds,uplift_factor,truth,truth_stderr
0,0.024314001251817347,0.2292921075222983,0.1648328086562158,1.6141665805917933,0.021358468,0.0032995807,500,1000,3,500,500,3,1.0,0.01922783338013212,0.012216595856696901
